[null,{"name":"ONJoin","temp":"jerry","event-type":"6","_id":"duUse","actions":[{"channel":"5","varName":"jerry","message":"","buttons":[],"selectMenus":[],"attachments":[],"embeds":[{"title":"Welcome to Xenon Hosting","url":"https://xenonhosting.org","color":"","timestamp":"true","imageUrl":"","thumbUrl":"","description":"In Xenon Hosting we dont have a clear code of conduct or terms of service.\n\nHowever, you will be removed from the server if you violate these terms.\n\n- Posting Pornography or NSFW content.\n- You are under 13 years of age.\n- Harrassment\n- DM advertizing\n- DDOS attack threaths\n- Doxing.\n- Death threats\n- Encourage Self Harm or suicide.\n- Anything related to Slurs.\n- Post false reviews.\n\nXenon Hosting is meant to be family friendly.\n\nFor Reviews you can see and post them in #reviews and #commands \n\nThere are no ban appeals, if you feel your ban was unjust please email our support\n\nsupport@xenonhosting.org\n\nIf you violate our rules, and it is your first offense you will be required to take a quiz (on discord.) \nensuring you are aware and following these guidelines.","fields":[],"author":"","authorUrl":"","authorIcon":"","footerText":"","footerIconUrl":""}],"reply":true,"ephemeral":false,"tts":false,"overwrite":false,"dontSend":false,"editMessage":"0","editMessageVarName":"","storage":"0","varName2":"","name":"Send Message"}]}]